Crop,Season,Area-2021-22,Area-2022-23,Area-2023-24,Area-2024-25,Area-2025-26,Production-2021-22,Production-2022-23,Production-2023-24,Production-2024-25,Production-2025-26,Yield-2021-22,Yield-2022-23,Yield-2023-24,Yield-2024-25,Yield-2025-26
Rice,Kharif,410.38,404.03,407.34,434.66,446.7,1110.01,1105.12,1132.59,1227.72,1247.58,2705.0,2735.0,2780.0,2825.0,2793.0
Rice,Rabi,52.4,43.28,40.76,44.73,48.99,184.71,150.04,146.01,161.29,181.07,3525.0,3467.0,3582.0,3606.0,3696.0
Rice,Summer,,31.01,30.18,33.28,32.63,,102.4,99.65,112.84,111.59,,3302.0,3302.0,3391.0,3419.0
Rice,Total,462.79,478.32,478.28,512.67,528.32,1294.71,1357.55,1378.25,1501.84,1540.24,2798.0,2838.0,2882.0,2929.0,2915.0
Wheat,Rabi,304.59,314.01,318.33,328.04,336.0,1077.42,1105.54,1132.92,1179.45,1206.57,3537.0,3521.0,3559.0,3595.0,3591.0
Wheat,Total,304.59,314.01,318.33,328.04,336.0,1077.42,1105.54,1132.92,1179.45,1206.57,3537.0,3521.0,3559.0,3595.0,3591.0
Maize,Kharif,77.85,80.53,83.29,84.61,98.61,226.81,236.74,222.45,248.08,305.09,2914.0,2940.0,2671.0,2932.0,3094.0
Maize,Rabi,21.73,21.83,21.75,27.8,34.88,110.49,116.9,120.28,147.53,200.25,5084.0,5355.0,5529.0,5306.0,5740.0
Maize,Summer,,5.08,7.37,8.5,10.58,,27.21,33.92,38.47,45.59,,5361.0,4603.0,4528.0,4308.0
Maize,Total,99.58,107.44,112.41,120.91,144.08,337.3,380.85,376.65,434.09,550.93,3387.0,3545.0,3351.0,3590.0,3824.0
Barley,Rabi,4.53,6.28,5.51,6.08,5.66,13.71,19.13,16.99,19.19,17.96,3025.0,3044.0,3082.0,3159.0,3171.0
Barley,Total,4.53,6.28,5.51,6.08,5.66,13.71,19.13,16.99,19.19,17.96,3025.0,3044.0,3082.0,3159.0,3171.0
Jowar,Kharif,14.66,13.82,12.89,14.42,12.1,15.98,14.8,15.09,17.37,13.13,1090.0,1071.0,1170.0,1204.0,1085.0
Jowar,Rabi,23.34,21.37,27.36,25.17,22.96,25.52,23.22,31.89,31.87,30.09,1093.0,1086.0,1165.0,1266.0,1311.0
Jowar,Summer,,0.16,0.51,0.36,0.43,,0.13,0.4,0.3,0.34,,811.0,789.0,842.0,792.0
Jowar,Total,38.01,35.35,40.76,39.95,35.48,41.51,38.14,47.37,49.55,43.56,1092.0,1079.0,1162.0,1240.0,1228.0
Bajra,Kharif,68.41,71.72,69.66,68.38,63.8,97.81,103.49,96.63,99.78,94.76,1430.0,1443.0,1387.0,1459.0,1485.0
Bajra,Summer,,4.0,4.08,5.2,5.83,,10.82,10.53,12.27,13.72,,2705.0,2579.0,2361.0,2353.0
Bajra,Total,68.41,75.72,73.75,73.57,69.63,97.81,114.31,107.16,112.05,108.48,1430.0,1510.0,1453.0,1523.0,1558.0
Ragi,Kharif,12.18,11.63,12.15,12.48,13.46,17.01,16.91,16.7,19.77,20.0,1396.0,1454.0,1375.0,1584.0,1486.0
Ragi,Total,12.18,11.63,12.15,12.48,13.46,17.01,16.91,16.7,19.77,20.0,1396.0,1454.0,1375.0,1584.0,1486.0
Small Millets,Kharif,4.29,4.28,4.8,4.55,4.15,3.67,3.84,4.49,4.56,3.8,857.0,898.0,935.0,1001.0,915.0
Small Millets,Total,4.29,4.28,4.8,4.55,4.15,3.67,3.84,4.49,4.56,3.8,857.0,898.0,935.0,1001.0,915.0
Shree Anna /Nutri Cereals,Kharif,99.55,101.46,99.5,99.83,93.51,134.47,139.04,132.9,141.48,131.69,1351.0,1370.0,1336.0,1417.0,1408.0
Shree Anna /Nutri Cereals,Rabi,23.34,21.37,27.36,25.17,22.96,25.52,23.22,31.89,31.87,30.09,1093.0,1086.0,1165.0,1266.0,1311.0
Shree Anna /Nutri Cereals,Summer,,4.16,4.59,5.56,6.26,,10.95,10.93,12.57,14.06,,2634.0,2381.0,2263.0,2247.0
Shree Anna /Nutri Cereals,Total,122.89,126.98,131.45,130.56,122.73,160.0,173.21,175.72,185.92,175.84,1302.0,1364.0,1337.0,1424.0,1433.0
Nutri/Coarse Cereals,Kharif,177.39,181.99,182.79,184.44,192.12,361.28,375.78,355.35,389.56,436.78,2037.0,2065.0,1944.0,2112.0,2273.0
Nutri/Coarse Cereals,Rabi,49.61,49.48,54.63,59.05,63.51,149.73,159.25,169.16,198.6,248.3,3018.0,3218.0,3097.0,3363.0,3910.0
Nutri/Coarse Cereals,Summer,,9.24,11.96,14.05,16.84,,38.17,44.85,51.05,59.65,,4133.0,3750.0,3632.0,3542.0
Nutri/Coarse Cereals,Total,227.0,240.7,249.38,257.55,272.47,511.01,573.19,569.36,639.21,744.72,2251.0,2381.0,2283.0,2482.0,2733.0
Cereals,Kharif,587.77,586.01,590.13,619.1,638.82,1471.29,1480.9,1487.94,1617.28,1684.36,2503.0,2527.0,2521.0,2612.0,2637.0
Cereals,Rabi,406.6,406.77,413.72,431.83,448.5,1411.85,1414.82,1448.09,1539.33,1635.94,3472.0,3478.0,3500.0,3565.0,3648.0
Cereals,Summer,,40.24,42.13,47.33,49.48,,140.56,144.5,163.88,171.24,,3493.0,3429.0,3462.0,3461.0
Cereals,Total,994.37,1033.03,1045.99,1098.26,1136.79,2883.14,3036.28,3080.52,3320.5,3491.54,2899.0,2939.0,2945.0,3023.0,3071.0
Tur,Kharif,49.0,40.68,41.31,43.36,44.6,42.2,33.12,34.17,36.24,35.92,861.0,814.0,827.0,836.0,805.0
Tur,Total,49.0,40.68,41.31,43.36,44.6,42.2,33.12,34.17,36.24,35.92,861.0,814.0,827.0,836.0,805.0
Gram,Rabi,107.4,104.71,95.87,91.22,96.6,135.44,122.67,110.39,111.14,125.14,1261.0,1172.0,1151.0,1218.0,1295.0
Gram,Total,107.4,104.71,95.87,91.22,96.6,135.44,122.67,110.39,111.14,125.14,1261.0,1172.0,1151.0,1218.0,1295.0
Urad,Kharif,36.25,30.98,26.81,21.81,21.26,18.65,17.68,16.04,13.41,11.32,515.0,571.0,598.0,615.0,532.0
Urad,Rabi,10.09,6.41,5.89,6.18,6.11,9.11,6.33,4.87,5.53,5.7,903.0,988.0,828.0,894.0,934.0
Urad,Summer,,2.63,2.66,3.58,4.34,,2.3,2.28,3.48,4.58,,875.0,856.0,974.0,1055.0
Urad,Total,46.33,40.02,35.36,31.57,31.7,27.76,26.31,23.19,22.42,21.6,599.0,657.0,656.0,710.0,681.0
Moong,Kharif,38.43,34.86,31.74,34.14,37.45,14.8,17.18,11.54,17.74,19.32,385.0,493.0,364.0,520.0,516.0
Moong,Rabi,17.08,1.5,1.38,1.36,1.48,16.86,1.1,1.01,1.0,1.28,987.0,730.0,733.0,738.0,865.0
Moong,Summer,,19.1,18.74,23.49,22.82,,18.48,18.47,23.7,24.31,,968.0,985.0,1009.0,1065.0
Moong,Total,55.51,55.46,51.87,58.99,61.76,31.66,36.76,31.03,42.44,44.92,570.0,663.0,598.0,719.0,727.0
Lentil,Rabi,14.12,16.37,17.43,16.99,17.63,12.69,15.59,17.91,16.54,17.62,899.0,952.0,1028.0,973.0,999.0
Lentil,Total,14.12,16.37,17.43,16.99,17.63,12.69,15.59,17.91,16.54,17.62,899.0,952.0,1028.0,973.0,999.0
Other Pulses,Kharif,17.51,14.42,16.4,16.75,15.66,6.69,8.24,7.99,9.93,9.46,382.0,571.0,487.0,593.0,604.0
Other Pulses,Rabi,17.44,17.34,16.82,18.33,18.5,16.58,17.9,17.78,18.11,19.44,951.0,1032.0,1057.0,988.0,1051.0
Other Pulses,Total,34.95,31.77,33.22,35.08,34.16,23.27,26.14,25.77,28.04,28.9,666.0,823.0,776.0,799.0,846.0
Total Pulses,Kharif,141.19,120.95,116.25,116.06,118.97,82.35,76.21,69.74,77.33,76.02,583.0,630.0,600.0,666.0,639.0
Total Pulses,Rabi,166.12,146.33,137.39,134.08,140.32,190.67,163.58,151.97,152.32,169.18,1148.0,1118.0,1106.0,1136.0,1206.0
Total Pulses,Summer,,21.73,21.41,27.07,27.16,,20.79,20.75,27.18,28.89,,957.0,969.0,1004.0,1064.0
Total Pulses,Total,307.31,289.01,275.05,277.2,286.46,273.02,260.58,242.46,256.83,274.09,888.0,902.0,881.0,926.0,957.0
Total Food Grains,Kharif,728.96,706.96,706.39,735.16,757.79,1553.64,1557.11,1557.68,1694.6,1760.38,2131.0,2203.0,2205.0,2305.0,2323.0
Total Food Grains,Rabi,572.72,553.1,551.11,565.91,588.82,1602.52,1578.41,1600.06,1691.66,1805.12,2798.0,2854.0,2903.0,2989.0,3066.0
Total Food Grains,Summer,,61.97,63.54,74.4,76.64,,161.35,165.24,191.06,200.13,,2603.0,2601.0,2568.0,2611.0
Total Food Grains,Total,1301.69,1322.04,1321.04,1375.46,1423.25,3156.16,3296.87,3322.98,3577.32,3765.63,2425.0,2494.0,2515.0,2601.0,2646.0
Groundnut,Kharif,49.13,42.63,40.44,50.05,50.29,84.34,85.62,86.6,104.12,113.42,1717.0,2009.0,2142.0,2080.0,2255.0
Groundnut,Rabi,7.92,4.21,3.42,3.37,3.16,17.01,11.03,7.55,6.78,7.59,2147.0,2619.0,2208.0,2011.0,2404.0
Groundnut,Summer,,2.77,3.22,4.2,5.23,,6.32,7.65,8.52,9.73,,2279.0,2377.0,2029.0,1861.0
Groundnut,Total,57.05,49.61,47.07,57.62,58.67,101.35,102.97,101.8,119.42,130.74,1777.0,2075.0,2163.0,2073.0,2228.0
Castorseed,Kharif,8.31,10.19,10.41,9.65,10.89,16.19,19.8,19.59,17.86,21.57,1948.0,1942.0,1881.0,1852.0,1981.0
Castorseed,Total,8.31,10.19,10.41,9.65,10.89,16.19,19.8,19.59,17.86,21.57,1948.0,1942.0,1881.0,1852.0,1981.0
Sesamum,Kharif,16.27,10.43,10.08,10.39,9.63,7.89,3.92,3.95,4.44,4.52,485.0,375.0,392.0,427.0,470.0
Sesamum,Rabi,,0.53,0.49,0.41,0.57,,0.31,0.28,0.19,0.31,,592.0,559.0,467.0,535.0
Sesamum,Summer,,4.27,4.74,4.96,5.04,,3.79,4.24,4.31,4.51,,888.0,896.0,867.0,895.0
Sesamum,Total,16.27,15.23,15.31,15.76,15.24,7.89,8.02,8.47,8.93,9.34,485.0,527.0,553.0,567.0,613.0
Nigerseed,Kharif,0.97,0.88,0.83,1.01,0.83,0.33,0.29,0.27,0.4,0.32,337.0,325.0,323.0,394.0,382.0
Nigerseed,Total,0.97,0.88,0.83,1.01,0.83,0.33,0.29,0.27,0.4,0.32,337.0,325.0,323.0,394.0,382.0
Soybean,Kharif,121.47,130.84,132.55,129.52,123.86,129.87,149.85,130.62,152.68,125.96,1069.0,1145.0,985.0,1179.0,1017.0
Soybean,Total,121.47,130.84,132.55,129.52,123.86,129.87,149.85,130.62,152.68,125.96,1069.0,1145.0,985.0,1179.0,1017.0
Sunflower,Kharif,1.38,2.18,0.67,0.78,0.88,1.11,2.04,0.6,0.72,0.88,802.0,933.0,894.0,925.0,997.0
Sunflower,Rabi,1.33,1.1,0.53,0.81,1.03,1.39,1.17,0.74,1.21,1.38,1048.0,1061.0,1397.0,1481.0,1350.0
Sunflower,Summer,,0.36,0.32,0.35,0.35,,0.43,0.39,0.43,0.44,,1181.0,1247.0,1241.0,1277.0
Sunflower,Total,2.71,3.64,1.51,1.94,2.25,2.5,3.63,1.73,2.36,2.7,923.0,996.0,1144.0,1214.0,1201.0
Rapeseed & Mustard,Rabi,79.91,88.52,91.83,86.57,94.27,119.63,126.43,132.59,126.67,137.68,1497.0,1428.0,1444.0,1463.0,1460.0
Rapeseed & Mustard,Total,79.91,88.52,91.83,86.57,94.27,119.63,126.43,132.59,126.67,137.68,1497.0,1428.0,1444.0,1463.0,1460.0
Linseed,Rabi,1.97,2.39,1.75,1.69,1.94,1.26,1.67,1.13,1.12,1.61,642.0,698.0,644.0,666.0,828.0
Linseed,Total,1.97,2.39,1.75,1.69,1.94,1.26,1.67,1.13,1.12,1.61,642.0,698.0,644.0,666.0,828.0
Safflower,Rabi,0.79,1.09,0.65,0.64,0.9,0.61,0.9,0.5,0.43,0.66,777.0,826.0,768.0,672.0,736.0
Safflower,Total,0.79,1.09,0.65,0.64,0.9,0.61,0.9,0.5,0.43,0.66,777.0,826.0,768.0,672.0,736.0
Total Oil Seeds,Kharif,197.53,197.15,194.98,201.4,196.38,239.72,261.5,241.62,280.23,266.68,1214.0,1326.0,1239.0,1391.0,1358.0
Total Oil Seeds,Rabi,91.92,97.83,98.68,93.49,101.86,139.91,141.51,142.78,136.4,149.22,1522.0,1446.0,1447.0,1459.0,1465.0
Total Oil Seeds,Summer,,7.41,8.27,9.51,10.62,,10.54,12.29,13.26,14.69,,1423.0,1486.0,1394.0,1383.0
Total Oil Seeds,Total,289.45,302.39,301.92,304.4,308.86,379.63,413.55,396.69,429.89,430.59,1312.0,1368.0,1314.0,1412.0,1394.0
Sugarcane,Kharif,51.75,58.85,57.4,54.5,58.84,4394.25,4905.33,4531.58,4546.11,5000.63,84906.0,83349.0,78953.0,83416.0,84987.0
Sugarcane,Total,51.75,58.85,57.4,54.5,58.84,4394.25,4905.33,4531.58,4546.11,5000.63,84906.0,83349.0,78953.0,83416.0,84987.0
Cotton,Kharif,123.72,129.27,126.88,114.84,115.25,311.18,336.6,325.22,297.24,290.24,428.0,443.0,436.0,440.0,428.0
Cotton,Total,123.72,129.27,126.88,114.84,115.25,311.18,336.6,325.22,297.24,290.24,428.0,443.0,436.0,440.0,428.0
Jute,Kharif,6.29,6.19,5.98,5.44,5.83,97.62,89.89,92.52,84.88,91.76,2793.0,2614.0,2783.0,2807.0,2833.0
Jute,Total,6.29,6.19,5.98,5.44,5.83,97.62,89.89,92.52,84.88,91.76,2793.0,2614.0,2783.0,2807.0,2833.0
Mesta,Kharif,0.38,0.39,0.39,0.3,0.23,3.87,4.03,4.41,3.13,2.27,1831.0,1871.0,2033.0,1864.0,1784.0
Mesta,Total,0.38,0.39,0.39,0.3,0.23,3.87,4.03,4.41,3.13,2.27,1831.0,1871.0,2033.0,1864.0,1784.0
Jute & Mesta,Kharif,6.67,6.58,6.37,5.74,6.06,101.49,93.92,96.92,88.02,94.03,2738.0,2570.0,2737.0,2758.0,2793.0
Jute & Mesta,Total,6.67,6.58,6.37,5.74,6.06,101.49,93.92,96.92,88.02,94.03,2738.0,2570.0,2737.0,2758.0,2793.0
