State,District,Subdivision
Andaman and Nicobar Islands,NICOBARS,Andaman & Nicobar Islands
Andaman and Nicobar Islands,NORTH AND MIDDLE ANDAMAN,Andaman & Nicobar Islands
Andaman and Nicobar Islands,SOUTH ANDAMANS,Andaman & Nicobar Islands
Andhra Pradesh,ANANTAPUR,Rayalseema
Andhra Pradesh,CHITTOOR,Rayalseema
Andhra Pradesh,EAST GODAVARI,Coastal Andhra Pradesh
Andhra Pradesh,GUNTUR,Coastal Andhra Pradesh
Andhra Pradesh,KADAPA,Rayalseema
Andhra Pradesh,KRISHNA,Coastal Andhra Pradesh
Andhra Pradesh,KURNOOL,Rayalseema
Andhra Pradesh,PRAKASAM,Coastal Andhra Pradesh
Andhra Pradesh,SPSR NELLORE,Coastal Andhra Pradesh
Andhra Pradesh,SRIKAKULAM,Coastal Andhra Pradesh
Andhra Pradesh,VISAKHAPATANAM,Coastal Andhra Pradesh
Andhra Pradesh,VIZIANAGARAM,Coastal Andhra Pradesh
Andhra Pradesh,WEST GODAVARI,Coastal Andhra Pradesh
Arunachal Pradesh,ANJAW,Arunachal Pradesh
Arunachal Pradesh,CHANGLANG,Arunachal Pradesh
Arunachal Pradesh,DIBANG VALLEY,Arunachal Pradesh
Arunachal Pradesh,EAST KAMENG,Arunachal Pradesh
Arunachal Pradesh,EAST SIANG,Arunachal Pradesh
Arunachal Pradesh,KURUNG KUMEY,Arunachal Pradesh
Arunachal Pradesh,LOHIT,Arunachal Pradesh
Arunachal Pradesh,LONGDING,Arunachal Pradesh
Arunachal Pradesh,LOWER DIBANG VALLEY,Arunachal Pradesh
Arunachal Pradesh,LOWER SUBANSIRI,Arunachal Pradesh
Arunachal Pradesh,NAMSAI,Arunachal Pradesh
Arunachal Pradesh,PAPUM PARE,Arunachal Pradesh
Arunachal Pradesh,TAWANG,Arunachal Pradesh
Arunachal Pradesh,TIRAP,Arunachal Pradesh
Arunachal Pradesh,UPPER SIANG,Arunachal Pradesh
Arunachal Pradesh,UPPER SUBANSIRI,Arunachal Pradesh
Arunachal Pradesh,WEST KAMENG,Arunachal Pradesh
Arunachal Pradesh,WEST SIANG,Arunachal Pradesh
Assam,BAKSA,Assam & Meghalaya
Assam,BARPETA,Assam & Meghalaya
Assam,BONGAIGAON,Assam & Meghalaya
Assam,CACHAR,Assam & Meghalaya
Assam,CHIRANG,Assam & Meghalaya
Assam,DARRANG,Assam & Meghalaya
Assam,DHEMAJI,Assam & Meghalaya
Assam,DHUBRI,Assam & Meghalaya
Assam,DIBRUGARH,Assam & Meghalaya
Assam,DIMA HASAO,Assam & Meghalaya
Assam,GOALPARA,Assam & Meghalaya
Assam,GOLAGHAT,Assam & Meghalaya
Assam,HAILAKANDI,Assam & Meghalaya
Assam,JORHAT,Assam & Meghalaya
Assam,KAMRUP,Assam & Meghalaya
Assam,KAMRUP METRO,Assam & Meghalaya
Assam,KARBI ANGLONG,Assam & Meghalaya
Assam,KARIMGANJ,Assam & Meghalaya
Assam,KOKRAJHAR,Assam & Meghalaya
Assam,LAKHIMPUR,Assam & Meghalaya
Assam,MARIGAON,Assam & Meghalaya
Assam,NAGAON,Assam & Meghalaya
Assam,NALBARI,Assam & Meghalaya
Assam,SIVASAGAR,Assam & Meghalaya
Assam,SONITPUR,Assam & Meghalaya
Assam,TINSUKIA,Assam & Meghalaya
Assam,UDALGURI,Assam & Meghalaya
Bihar,ARARIA,Bihar
Bihar,ARWAL,Bihar
Bihar,AURANGABAD,Bihar
Bihar,BANKA,Bihar
Bihar,BEGUSARAI,Bihar
Bihar,BHAGALPUR,Bihar
Bihar,BHOJPUR,Bihar
Bihar,BUXAR,Bihar
Bihar,DARBHANGA,Bihar
Bihar,GAYA,Bihar
Bihar,GOPALGANJ,Bihar
Bihar,JAMUI,Bihar
Bihar,JEHANABAD,Bihar
Bihar,KAIMUR (BHABUA),Bihar
Bihar,KATIHAR,Bihar
Bihar,KHAGARIA,Bihar
Bihar,KISHANGANJ,Bihar
Bihar,LAKHISARAI,Bihar
Bihar,MADHEPURA,Bihar
Bihar,MADHUBANI,Bihar
Bihar,MUNGER,Bihar
Bihar,MUZAFFARPUR,Bihar
Bihar,NALANDA,Bihar
Bihar,NAWADA,Bihar
Bihar,PASHCHIM CHAMPARAN,Bihar
Bihar,PATNA,Bihar
Bihar,PURBI CHAMPARAN,Bihar
Bihar,PURNIA,Bihar
Bihar,ROHTAS,Bihar
Bihar,SAHARSA,Bihar
Bihar,SAMASTIPUR,Bihar
Bihar,SARAN,Bihar
Bihar,SHEIKHPURA,Bihar
Bihar,SHEOHAR,Bihar
Bihar,SITAMARHI,Bihar
Bihar,SIWAN,Bihar
Bihar,SUPAUL,Bihar
Bihar,VAISHALI,Bihar
Chandigarh,CHANDIGARH,Haryana Delhi & Chandigarh
Chhattisgarh,BALOD,Chhattisgarh
Chhattisgarh,BALODA BAZAR,Chhattisgarh
Chhattisgarh,BALRAMPUR,Chhattisgarh
Chhattisgarh,BASTAR,Chhattisgarh
Chhattisgarh,BEMETARA,Chhattisgarh
Chhattisgarh,BIJAPUR,Chhattisgarh
Chhattisgarh,BILASPUR,Chhattisgarh
Chhattisgarh,DANTEWADA,Chhattisgarh
Chhattisgarh,DHAMTARI,Chhattisgarh
Chhattisgarh,DURG,Chhattisgarh
Chhattisgarh,GARIYABAND,Chhattisgarh
Chhattisgarh,JANJGIR-CHAMPA,Chhattisgarh
Chhattisgarh,JASHPUR,Chhattisgarh
Chhattisgarh,KABIRDHAM,Chhattisgarh
Chhattisgarh,KANKER,Chhattisgarh
Chhattisgarh,KONDAGAON,Chhattisgarh
Chhattisgarh,KORBA,Chhattisgarh
Chhattisgarh,KOREA,Chhattisgarh
Chhattisgarh,MAHASAMUND,Chhattisgarh
Chhattisgarh,MUNGELI,Chhattisgarh
Chhattisgarh,NARAYANPUR,Chhattisgarh
Chhattisgarh,RAIGARH,Chhattisgarh
Chhattisgarh,RAIPUR,Chhattisgarh
Chhattisgarh,RAJNANDGAON,Chhattisgarh
Chhattisgarh,SUKMA,Chhattisgarh
Chhattisgarh,SURAJPUR,Chhattisgarh
Chhattisgarh,SURGUJA,Chhattisgarh
Dadra and Nagar Haveli,DADRA AND NAGAR HAVELI,Gujarat Region
Goa,NORTH GOA,Konkan & Goa
Goa,SOUTH GOA,Konkan & Goa
Gujarat,AHMADABAD,Gujarat Region
Gujarat,AMRELI,Saurashtra & Kutch
Gujarat,ANAND,Gujarat Region
Gujarat,BANAS KANTHA,Gujarat Region
Gujarat,BHARUCH,Gujarat Region
Gujarat,BHAVNAGAR,Saurashtra & Kutch
Gujarat,DANG,Gujarat Region
Gujarat,DOHAD,Gujarat Region
Gujarat,GANDHINAGAR,Gujarat Region
Gujarat,JAMNAGAR,Saurashtra & Kutch
Gujarat,JUNAGADH,Saurashtra & Kutch
Gujarat,KACHCHH,Saurashtra & Kutch
Gujarat,KHEDA,Gujarat Region
Gujarat,MAHESANA,Gujarat Region
Gujarat,NARMADA,Gujarat Region
Gujarat,NAVSARI,Gujarat Region
Gujarat,PANCH MAHALS,Gujarat Region
Gujarat,PATAN,Gujarat Region
Gujarat,PORBANDAR,Saurashtra & Kutch
Gujarat,RAJKOT,Saurashtra & Kutch
Gujarat,SABAR KANTHA,Gujarat Region
Gujarat,SURAT,Gujarat Region
Gujarat,SURENDRANAGAR,Saurashtra & Kutch
Gujarat,TAPI,Gujarat Region
Gujarat,VADODARA,Gujarat Region
Gujarat,VALSAD,Gujarat Region
Haryana,AMBALA,Haryana Delhi & Chandigarh
Haryana,BHIWANI,Haryana Delhi & Chandigarh
Haryana,FARIDABAD,Haryana Delhi & Chandigarh
Haryana,FATEHABAD,Haryana Delhi & Chandigarh
Haryana,GURGAON,Haryana Delhi & Chandigarh
Haryana,HISAR,Haryana Delhi & Chandigarh
Haryana,JHAJJAR,Haryana Delhi & Chandigarh
Haryana,JIND,Haryana Delhi & Chandigarh
Haryana,KAITHAL,Haryana Delhi & Chandigarh
Haryana,KARNAL,Haryana Delhi & Chandigarh
Haryana,KURUKSHETRA,Haryana Delhi & Chandigarh
Haryana,MAHENDRAGARH,Haryana Delhi & Chandigarh
Haryana,MEWAT,Haryana Delhi & Chandigarh
Haryana,PALWAL,Haryana Delhi & Chandigarh
Haryana,PANCHKULA,Haryana Delhi & Chandigarh
Haryana,PANIPAT,Haryana Delhi & Chandigarh
Haryana,REWARI,Haryana Delhi & Chandigarh
Haryana,ROHTAK,Haryana Delhi & Chandigarh
Haryana,SIRSA,Haryana Delhi & Chandigarh
Haryana,SONIPAT,Haryana Delhi & Chandigarh
Haryana,YAMUNANAGAR,Haryana Delhi & Chandigarh
Himachal Pradesh,BILASPUR,Himachal Pradesh
Himachal Pradesh,CHAMBA,Himachal Pradesh
Himachal Pradesh,HAMIRPUR,Himachal Pradesh
Himachal Pradesh,KANGRA,Himachal Pradesh
Himachal Pradesh,KINNAUR,Himachal Pradesh
Himachal Pradesh,KULLU,Himachal Pradesh
Himachal Pradesh,LAHUL AND SPITI,Himachal Pradesh
Himachal Pradesh,MANDI,Himachal Pradesh
Himachal Pradesh,SHIMLA,Himachal Pradesh
Himachal Pradesh,SIRMAUR,Himachal Pradesh
Himachal Pradesh,SOLAN,Himachal Pradesh
Himachal Pradesh,UNA,Himachal Pradesh
Jammu and Kashmir,ANANTNAG,Jammu & Kashmir
Jammu and Kashmir,BADGAM,Jammu & Kashmir
Jammu and Kashmir,BANDIPORA,Jammu & Kashmir
Jammu and Kashmir,BARAMULLA,Jammu & Kashmir
Jammu and Kashmir,DODA,Jammu & Kashmir
Jammu and Kashmir,GANDERBAL,Jammu & Kashmir
Jammu and Kashmir,JAMMU,Jammu & Kashmir
Jammu and Kashmir,KARGIL,Jammu & Kashmir
Jammu and Kashmir,KATHUA,Jammu & Kashmir
Jammu and Kashmir,KISHTWAR,Jammu & Kashmir
Jammu and Kashmir,KULGAM,Jammu & Kashmir
Jammu and Kashmir,KUPWARA,Jammu & Kashmir
Jammu and Kashmir,LEH LADAKH,Jammu & Kashmir
Jammu and Kashmir,POONCH,Jammu & Kashmir
Jammu and Kashmir,PULWAMA,Jammu & Kashmir
Jammu and Kashmir,RAJAURI,Jammu & Kashmir
Jammu and Kashmir,RAMBAN,Jammu & Kashmir
Jammu and Kashmir,REASI,Jammu & Kashmir
Jammu and Kashmir,SAMBA,Jammu & Kashmir
Jammu and Kashmir,SHOPIAN,Jammu & Kashmir
Jammu and Kashmir,SRINAGAR,Jammu & Kashmir
Jammu and Kashmir,UDHAMPUR,Jammu & Kashmir
Jharkhand,BOKARO,Jharkhand
Jharkhand,CHATRA,Jharkhand
Jharkhand,DEOGHAR,Jharkhand
Jharkhand,DHANBAD,Jharkhand
Jharkhand,DUMKA,Jharkhand
Jharkhand,EAST SINGHBUM,Jharkhand
Jharkhand,GARHWA,Jharkhand
Jharkhand,GIRIDIH,Jharkhand
Jharkhand,GODDA,Jharkhand
Jharkhand,GUMLA,Jharkhand
Jharkhand,HAZARIBAGH,Jharkhand
Jharkhand,JAMTARA,Jharkhand
Jharkhand,KHUNTI,Jharkhand
Jharkhand,KODERMA,Jharkhand
Jharkhand,LATEHAR,Jharkhand
Jharkhand,LOHARDAGA,Jharkhand
Jharkhand,PAKUR,Jharkhand
Jharkhand,PALAMU,Jharkhand
Jharkhand,RAMGARH,Jharkhand
Jharkhand,RANCHI,Jharkhand
Jharkhand,SAHEBGANJ,Jharkhand
Jharkhand,SARAIKELA KHARSAWAN,Jharkhand
Jharkhand,SIMDEGA,Jharkhand
Jharkhand,WEST SINGHBHUM,Jharkhand
Karnataka,BAGALKOT,North Interior Karnataka
Karnataka,BANGALORE RURAL,South Interior Karnataka
Karnataka,BELGAUM,North Interior Karnataka
Karnataka,BELLARY,South Interior Karnataka
Karnataka,BENGALURU URBAN,South Interior Karnataka
Karnataka,BIDAR,North Interior Karnataka
Karnataka,BIJAPUR,North Interior Karnataka
Karnataka,CHAMARAJANAGAR,South Interior Karnataka
Karnataka,CHIKBALLAPUR,South Interior Karnataka
Karnataka,CHIKMAGALUR,South Interior Karnataka
Karnataka,CHITRADURGA,South Interior Karnataka
Karnataka,DAKSHIN KANNAD,Coastal Karnataka
Karnataka,DAVANGERE,South Interior Karnataka
Karnataka,DHARWAD,North Interior Karnataka
Karnataka,GADAG,North Interior Karnataka
Karnataka,GULBARGA,North Interior Karnataka
Karnataka,HASSAN,South Interior Karnataka
Karnataka,HAVERI,North Interior Karnataka
Karnataka,KODAGU,South Interior Karnataka
Karnataka,KOLAR,South Interior Karnataka
Karnataka,KOPPAL,North Interior Karnataka
Karnataka,MANDYA,South Interior Karnataka
Karnataka,MYSORE,South Interior Karnataka
Karnataka,RAICHUR,North Interior Karnataka
Karnataka,RAMANAGARA,South Interior Karnataka
Karnataka,SHIMOGA,South Interior Karnataka
Karnataka,TUMKUR,South Interior Karnataka
Karnataka,UDUPI,Coastal Karnataka
Karnataka,UTTAR KANNAD,Coastal Karnataka
Karnataka,YADGIR,North Interior Karnataka
Kerala,ALAPPUZHA,Kerala
Kerala,ERNAKULAM,Kerala
Kerala,IDUKKI,Kerala
Kerala,KANNUR,Kerala
Kerala,KASARAGOD,Kerala
Kerala,KOLLAM,Kerala
Kerala,KOTTAYAM,Kerala
Kerala,KOZHIKODE,Kerala
Kerala,MALAPPURAM,Kerala
Kerala,PALAKKAD,Kerala
Kerala,PATHANAMTHITTA,Kerala
Kerala,THIRUVANANTHAPURAM,Kerala
Kerala,THRISSUR,Kerala
Kerala,WAYANAD,Kerala
Madhya Pradesh,AGAR MALWA,West Madhya Pradesh
Madhya Pradesh,ALIRAJPUR,West Madhya Pradesh
Madhya Pradesh,ANUPPUR,East Madhya Pradesh
Madhya Pradesh,ASHOKNAGAR,West Madhya Pradesh
Madhya Pradesh,BALAGHAT,East Madhya Pradesh
Madhya Pradesh,BARWANI,West Madhya Pradesh
Madhya Pradesh,BETUL,West Madhya Pradesh
Madhya Pradesh,BHIND,West Madhya Pradesh
Madhya Pradesh,BHOPAL,West Madhya Pradesh
Madhya Pradesh,BURHANPUR,West Madhya Pradesh
Madhya Pradesh,CHHATARPUR,East Madhya Pradesh
Madhya Pradesh,CHHINDWARA,East Madhya Pradesh
Madhya Pradesh,DAMOH,East Madhya Pradesh
Madhya Pradesh,DATIA,West Madhya Pradesh
Madhya Pradesh,DEWAS,West Madhya Pradesh
Madhya Pradesh,DHAR,West Madhya Pradesh
Madhya Pradesh,DINDORI,East Madhya Pradesh
Madhya Pradesh,GUNA,West Madhya Pradesh
Madhya Pradesh,GWALIOR,West Madhya Pradesh
Madhya Pradesh,HARDA,West Madhya Pradesh
Madhya Pradesh,HOSHANGABAD,West Madhya Pradesh
Madhya Pradesh,INDORE,West Madhya Pradesh
Madhya Pradesh,JABALPUR,East Madhya Pradesh
Madhya Pradesh,JHABUA,West Madhya Pradesh
Madhya Pradesh,KATNI,East Madhya Pradesh
Madhya Pradesh,KHANDWA,West Madhya Pradesh
Madhya Pradesh,KHARGONE,West Madhya Pradesh
Madhya Pradesh,MANDLA,East Madhya Pradesh
Madhya Pradesh,MANDSAUR,West Madhya Pradesh
Madhya Pradesh,MORENA,West Madhya Pradesh
Madhya Pradesh,NARSINGHPUR,East Madhya Pradesh
Madhya Pradesh,NEEMUCH,West Madhya Pradesh
Madhya Pradesh,PANNA,East Madhya Pradesh
Madhya Pradesh,RAISEN,West Madhya Pradesh
Madhya Pradesh,RAJGARH,West Madhya Pradesh
Madhya Pradesh,RATLAM,West Madhya Pradesh
Madhya Pradesh,REWA,East Madhya Pradesh
Madhya Pradesh,SAGAR,East Madhya Pradesh
Madhya Pradesh,SATNA,East Madhya Pradesh
Madhya Pradesh,SEHORE,West Madhya Pradesh
Madhya Pradesh,SEONI,East Madhya Pradesh
Madhya Pradesh,SHAHDOL,East Madhya Pradesh
Madhya Pradesh,SHAJAPUR,West Madhya Pradesh
Madhya Pradesh,SHEOPUR,West Madhya Pradesh
Madhya Pradesh,SHIVPURI,West Madhya Pradesh
Madhya Pradesh,SIDHI,East Madhya Pradesh
Madhya Pradesh,SINGRAULI,East Madhya Pradesh
Madhya Pradesh,TIKAMGARH,East Madhya Pradesh
Madhya Pradesh,UJJAIN,West Madhya Pradesh
Madhya Pradesh,UMARIA,East Madhya Pradesh
Madhya Pradesh,VIDISHA,West Madhya Pradesh
Maharashtra,AHMEDNAGAR,Madhya Maharashtra
Maharashtra,AKOLA,Vidarbha
Maharashtra,AMRAVATI,Vidarbha
Maharashtra,AURANGABAD,Matathwada
Maharashtra,BEED,Matathwada
Maharashtra,BHANDARA,Vidarbha
Maharashtra,BULDHANA,Vidarbha
Maharashtra,CHANDRAPUR,Vidarbha
Maharashtra,DHULE,Madhya Maharashtra
Maharashtra,GADCHIROLI,Vidarbha
Maharashtra,GONDIA,Vidarbha
Maharashtra,HINGOLI,Matathwada
Maharashtra,JALGAON,Madhya Maharashtra
Maharashtra,JALNA,Matathwada
Maharashtra,KOLHAPUR,Madhya Maharashtra
Maharashtra,LATUR,Matathwada
Maharashtra,MUMBAI,Konkan & Goa
Maharashtra,NAGPUR,Vidarbha
Maharashtra,NANDED,Matathwada
Maharashtra,NANDURBAR,Madhya Maharashtra
Maharashtra,NASHIK,Madhya Maharashtra
Maharashtra,OSMANABAD,Matathwada
Maharashtra,PALGHAR,Konkan & Goa
Maharashtra,PARBHANI,Matathwada
Maharashtra,PUNE,Madhya Maharashtra
Maharashtra,RAIGAD,Konkan & Goa
Maharashtra,RATNAGIRI,Konkan & Goa
Maharashtra,SANGLI,Madhya Maharashtra
Maharashtra,SATARA,Madhya Maharashtra
Maharashtra,SINDHUDURG,Konkan & Goa
Maharashtra,SOLAPUR,Madhya Maharashtra
Maharashtra,THANE,Konkan & Goa
Maharashtra,WARDHA,Vidarbha
Maharashtra,WASHIM,Vidarbha
Maharashtra,YAVATMAL,Vidarbha
Manipur,BISHNUPUR,Naga Mani Mizo Tripura
Manipur,CHANDEL,Naga Mani Mizo Tripura
Manipur,CHURACHANDPUR,Naga Mani Mizo Tripura
Manipur,IMPHAL EAST,Naga Mani Mizo Tripura
Manipur,IMPHAL WEST,Naga Mani Mizo Tripura
Manipur,SENAPATI,Naga Mani Mizo Tripura
Manipur,TAMENGLONG,Naga Mani Mizo Tripura
Manipur,THOUBAL,Naga Mani Mizo Tripura
Manipur,UKHRUL,Naga Mani Mizo Tripura
Meghalaya,EAST GARO HILLS,Assam & Meghalaya
Meghalaya,EAST JAINTIA HILLS,Assam & Meghalaya
Meghalaya,EAST KHASI HILLS,Assam & Meghalaya
Meghalaya,NORTH GARO HILLS,Assam & Meghalaya
Meghalaya,RI BHOI,Assam & Meghalaya
Meghalaya,SOUTH GARO HILLS,Assam & Meghalaya
Meghalaya,SOUTH WEST GARO HILLS,Assam & Meghalaya
Meghalaya,SOUTH WEST KHASI HILLS,Assam & Meghalaya
Meghalaya,WEST GARO HILLS,Assam & Meghalaya
Meghalaya,WEST JAINTIA HILLS,Assam & Meghalaya
Meghalaya,WEST KHASI HILLS,Assam & Meghalaya
Mizoram,AIZAWL,Naga Mani Mizo Tripura
Mizoram,CHAMPHAI,Naga Mani Mizo Tripura
Mizoram,KOLASIB,Naga Mani Mizo Tripura
Mizoram,LAWNGTLAI,Naga Mani Mizo Tripura
Mizoram,LUNGLEI,Naga Mani Mizo Tripura
Mizoram,MAMIT,Naga Mani Mizo Tripura
Mizoram,SAIHA,Naga Mani Mizo Tripura
Mizoram,SERCHHIP,Naga Mani Mizo Tripura
Nagaland,DIMAPUR,Naga Mani Mizo Tripura
Nagaland,KIPHIRE,Naga Mani Mizo Tripura
Nagaland,KOHIMA,Naga Mani Mizo Tripura
Nagaland,LONGLENG,Naga Mani Mizo Tripura
Nagaland,MOKOKCHUNG,Naga Mani Mizo Tripura
Nagaland,MON,Naga Mani Mizo Tripura
Nagaland,PEREN,Naga Mani Mizo Tripura
Nagaland,PHEK,Naga Mani Mizo Tripura
Nagaland,TUENSANG,Naga Mani Mizo Tripura
Nagaland,WOKHA,Naga Mani Mizo Tripura
Nagaland,ZUNHEBOTO,Naga Mani Mizo Tripura
Odisha,ANUGUL,Orissa
Odisha,BALANGIR,Orissa
Odisha,BALESHWAR,Orissa
Odisha,BARGARH,Orissa
Odisha,BHADRAK,Orissa
Odisha,BOUDH,Orissa
Odisha,CUTTACK,Orissa
Odisha,DEOGARH,Orissa
Odisha,DHENKANAL,Orissa
Odisha,GAJAPATI,Orissa
Odisha,GANJAM,Orissa
Odisha,JAGATSINGHAPUR,Orissa
Odisha,JAJAPUR,Orissa
Odisha,JHARSUGUDA,Orissa
Odisha,KALAHANDI,Orissa
Odisha,KANDHAMAL,Orissa
Odisha,KENDRAPARA,Orissa
Odisha,KENDUJHAR,Orissa
Odisha,KHORDHA,Orissa
Odisha,KORAPUT,Orissa
Odisha,MALKANGIRI,Orissa
Odisha,MAYURBHANJ,Orissa
Odisha,NABARANGPUR,Orissa
Odisha,NAYAGARH,Orissa
Odisha,NUAPADA,Orissa
Odisha,PURI,Orissa
Odisha,RAYAGADA,Orissa
Odisha,SAMBALPUR,Orissa
Odisha,SONEPUR,Orissa
Odisha,SUNDARGARH,Orissa
Puducherry,KARAIKAL,Tamil Nadu
Puducherry,MAHE,Tamil Nadu
Puducherry,PONDICHERRY,Tamil Nadu
Puducherry,YANAM,Tamil Nadu
Punjab,AMRITSAR,Punjab
Punjab,BARNALA,Punjab
Punjab,BATHINDA,Punjab
Punjab,FARIDKOT,Punjab
Punjab,FATEHGARH SAHIB,Punjab
Punjab,FAZILKA,Punjab
Punjab,FIROZEPUR,Punjab
Punjab,GURDASPUR,Punjab
Punjab,HOSHIARPUR,Punjab
Punjab,JALANDHAR,Punjab
Punjab,KAPURTHALA,Punjab
Punjab,LUDHIANA,Punjab
Punjab,MANSA,Punjab
Punjab,MOGA,Punjab
Punjab,MUKTSAR,Punjab
Punjab,NAWANSHAHR,Punjab
Punjab,PATHANKOT,Punjab
Punjab,PATIALA,Punjab
Punjab,RUPNAGAR,Punjab
Punjab,S.A.S NAGAR,Punjab
Punjab,SANGRUR,Punjab
Punjab,TARN TARAN,Punjab
Rajasthan,AJMER,East Rajasthan
Rajasthan,ALWAR,East Rajasthan
Rajasthan,BANSWARA,East Rajasthan
Rajasthan,BARAN,East Rajasthan
Rajasthan,BARMER,West Rajasthan
Rajasthan,BHARATPUR,East Rajasthan
Rajasthan,BHILWARA,East Rajasthan
Rajasthan,BIKANER,West Rajasthan
Rajasthan,BUNDI,East Rajasthan
Rajasthan,CHITTORGARH,East Rajasthan
Rajasthan,CHURU,West Rajasthan
Rajasthan,DAUSA,East Rajasthan
Rajasthan,DHOLPUR,East Rajasthan
Rajasthan,DUNGARPUR,East Rajasthan
Rajasthan,GANGANAGAR,West Rajasthan
Rajasthan,HANUMANGARH,West Rajasthan
Rajasthan,JAIPUR,East Rajasthan
Rajasthan,JAISALMER,West Rajasthan
Rajasthan,JALORE,West Rajasthan
Rajasthan,JHALAWAR,East Rajasthan
Rajasthan,JHUNJHUNU,East Rajasthan
Rajasthan,JODHPUR,West Rajasthan
Rajasthan,KARAULI,East Rajasthan
Rajasthan,KOTA,East Rajasthan
Rajasthan,NAGAUR,West Rajasthan
Rajasthan,PALI,West Rajasthan
Rajasthan,PRATAPGARH,East Rajasthan
Rajasthan,RAJSAMAND,East Rajasthan
Rajasthan,SAWAI MADHOPUR,East Rajasthan
Rajasthan,SIKAR,East Rajasthan
Rajasthan,SIROHI,East Rajasthan
Rajasthan,TONK,East Rajasthan
Rajasthan,UDAIPUR,East Rajasthan
Sikkim,EAST DISTRICT,Sub Himalayan West Bengal & Sikkim
Sikkim,NORTH DISTRICT,Sub Himalayan West Bengal & Sikkim
Sikkim,SOUTH DISTRICT,Sub Himalayan West Bengal & Sikkim
Sikkim,WEST DISTRICT,Sub Himalayan West Bengal & Sikkim
Tamil Nadu,ARIYALUR,Tamil Nadu
Tamil Nadu,COIMBATORE,Tamil Nadu
Tamil Nadu,CUDDALORE,Tamil Nadu
Tamil Nadu,DHARMAPURI,Tamil Nadu
Tamil Nadu,DINDIGUL,Tamil Nadu
Tamil Nadu,ERODE,Tamil Nadu
Tamil Nadu,KANCHIPURAM,Tamil Nadu
Tamil Nadu,KANNIYAKUMARI,Tamil Nadu
Tamil Nadu,KARUR,Tamil Nadu
Tamil Nadu,KRISHNAGIRI,Tamil Nadu
Tamil Nadu,MADURAI,Tamil Nadu
Tamil Nadu,NAGAPATTINAM,Tamil Nadu
Tamil Nadu,NAMAKKAL,Tamil Nadu
Tamil Nadu,PERAMBALUR,Tamil Nadu
Tamil Nadu,PUDUKKOTTAI,Tamil Nadu
Tamil Nadu,RAMANATHAPURAM,Tamil Nadu
Tamil Nadu,SALEM,Tamil Nadu
Tamil Nadu,SIVAGANGA,Tamil Nadu
Tamil Nadu,THANJAVUR,Tamil Nadu
Tamil Nadu,THE NILGIRIS,Tamil Nadu
Tamil Nadu,THENI,Tamil Nadu
Tamil Nadu,THIRUVALLUR,Tamil Nadu
Tamil Nadu,THIRUVARUR,Tamil Nadu
Tamil Nadu,TIRUCHIRAPPALLI,Tamil Nadu
Tamil Nadu,TIRUNELVELI,Tamil Nadu
Tamil Nadu,TIRUPPUR,Tamil Nadu
Tamil Nadu,TIRUVANNAMALAI,Tamil Nadu
Tamil Nadu,TUTICORIN,Tamil Nadu
Tamil Nadu,VELLORE,Tamil Nadu
Tamil Nadu,VILLUPURAM,Tamil Nadu
Tamil Nadu,VIRUDHUNAGAR,Tamil Nadu
Telangana,ADILABAD,Telangana
Telangana,HYDERABAD,Telangana
Telangana,KARIMNAGAR,Telangana
Telangana,KHAMMAM,Telangana
Telangana,MAHBUBNAGAR,Telangana
Telangana,MEDAK,Telangana
Telangana,NALGONDA,Telangana
Telangana,NIZAMABAD,Telangana
Telangana,RANGAREDDI,Telangana
Telangana,WARANGAL,Telangana
Tripura,DHALAI,Naga Mani Mizo Tripura
Tripura,GOMATI,Naga Mani Mizo Tripura
Tripura,KHOWAI,Naga Mani Mizo Tripura
Tripura,NORTH TRIPURA,Naga Mani Mizo Tripura
Tripura,SEPAHIJALA,Naga Mani Mizo Tripura
Tripura,SOUTH TRIPURA,Naga Mani Mizo Tripura
Tripura,UNAKOTI,Naga Mani Mizo Tripura
Tripura,WEST TRIPURA,Naga Mani Mizo Tripura
Uttar Pradesh,AGRA,West Uttar Pradesh
Uttar Pradesh,ALIGARH,West Uttar Pradesh
Uttar Pradesh,ALLAHABAD,East Uttar Pradesh
Uttar Pradesh,AMBEDKAR NAGAR,East Uttar Pradesh
Uttar Pradesh,AMETHI,East Uttar Pradesh
Uttar Pradesh,AMROHA,West Uttar Pradesh
Uttar Pradesh,AURAIYA,West Uttar Pradesh
Uttar Pradesh,AZAMGARH,East Uttar Pradesh
Uttar Pradesh,BAGHPAT,West Uttar Pradesh
Uttar Pradesh,BAHRAICH,East Uttar Pradesh
Uttar Pradesh,BALLIA,East Uttar Pradesh
Uttar Pradesh,BALRAMPUR,East Uttar Pradesh
Uttar Pradesh,BANDA,East Uttar Pradesh
Uttar Pradesh,BARABANKI,East Uttar Pradesh
Uttar Pradesh,BAREILLY,West Uttar Pradesh
Uttar Pradesh,BASTI,East Uttar Pradesh
Uttar Pradesh,BIJNOR,West Uttar Pradesh
Uttar Pradesh,BUDAUN,West Uttar Pradesh
Uttar Pradesh,BULANDSHAHR,West Uttar Pradesh
Uttar Pradesh,CHANDAULI,East Uttar Pradesh
Uttar Pradesh,CHITRAKOOT,East Uttar Pradesh
Uttar Pradesh,DEORIA,East Uttar Pradesh
Uttar Pradesh,ETAH,West Uttar Pradesh
Uttar Pradesh,ETAWAH,West Uttar Pradesh
Uttar Pradesh,FAIZABAD,East Uttar Pradesh
Uttar Pradesh,FARRUKHABAD,East Uttar Pradesh
Uttar Pradesh,FATEHPUR,East Uttar Pradesh
Uttar Pradesh,FIROZABAD,West Uttar Pradesh
Uttar Pradesh,GAUTAM BUDDHA NAGAR,West Uttar Pradesh
Uttar Pradesh,GHAZIABAD,West Uttar Pradesh
Uttar Pradesh,GHAZIPUR,East Uttar Pradesh
Uttar Pradesh,GONDA,East Uttar Pradesh
Uttar Pradesh,GORAKHPUR,East Uttar Pradesh
Uttar Pradesh,HAMIRPUR,West Uttar Pradesh
Uttar Pradesh,HAPUR,West Uttar Pradesh
Uttar Pradesh,HARDOI,East Uttar Pradesh
Uttar Pradesh,HATHRAS,West Uttar Pradesh
Uttar Pradesh,JALAUN,West Uttar Pradesh
Uttar Pradesh,JAUNPUR,East Uttar Pradesh
Uttar Pradesh,JHANSI,West Uttar Pradesh
Uttar Pradesh,KANNAUJ,East Uttar Pradesh
Uttar Pradesh,KANPUR DEHAT,East Uttar Pradesh
Uttar Pradesh,KANPUR NAGAR,East Uttar Pradesh
Uttar Pradesh,KASGANJ,West Uttar Pradesh
Uttar Pradesh,KAUSHAMBI,East Uttar Pradesh
Uttar Pradesh,KHERI,East Uttar Pradesh
Uttar Pradesh,KUSHI NAGAR,East Uttar Pradesh
Uttar Pradesh,LALITPUR,West Uttar Pradesh
Uttar Pradesh,LUCKNOW,East Uttar Pradesh
Uttar Pradesh,MAHARAJGANJ,East Uttar Pradesh
Uttar Pradesh,MAHOBA,West Uttar Pradesh
Uttar Pradesh,MAINPURI,West Uttar Pradesh
Uttar Pradesh,MATHURA,West Uttar Pradesh
Uttar Pradesh,MAU,East Uttar Pradesh
Uttar Pradesh,MEERUT,West Uttar Pradesh
Uttar Pradesh,MIRZAPUR,East Uttar Pradesh
Uttar Pradesh,MORADABAD,West Uttar Pradesh
Uttar Pradesh,MUZAFFARNAGAR,West Uttar Pradesh
Uttar Pradesh,PILIBHIT,West Uttar Pradesh
Uttar Pradesh,PRATAPGARH,East Uttar Pradesh
Uttar Pradesh,RAE BARELI,East Uttar Pradesh
Uttar Pradesh,RAMPUR,West Uttar Pradesh
Uttar Pradesh,SAHARANPUR,West Uttar Pradesh
Uttar Pradesh,SAMBHAL,West Uttar Pradesh
Uttar Pradesh,SANT KABEER NAGAR,East Uttar Pradesh
Uttar Pradesh,SANT RAVIDAS NAGAR,East Uttar Pradesh
Uttar Pradesh,SHAHJAHANPUR,West Uttar Pradesh
Uttar Pradesh,SHAMLI,West Uttar Pradesh
Uttar Pradesh,SHRAVASTI,East Uttar Pradesh
Uttar Pradesh,SIDDHARTH NAGAR,East Uttar Pradesh
Uttar Pradesh,SITAPUR,East Uttar Pradesh
Uttar Pradesh,SONBHADRA,East Uttar Pradesh
Uttar Pradesh,SULTANPUR,East Uttar Pradesh
Uttar Pradesh,UNNAO,East Uttar Pradesh
Uttar Pradesh,VARANASI,East Uttar Pradesh
Uttarakhand,ALMORA,Uttarakhand
Uttarakhand,BAGESHWAR,Uttarakhand
Uttarakhand,CHAMOLI,Uttarakhand
Uttarakhand,CHAMPAWAT,Uttarakhand
Uttarakhand,DEHRADUN,Uttarakhand
Uttarakhand,HARIDWAR,Uttarakhand
Uttarakhand,NAINITAL,Uttarakhand
Uttarakhand,PAURI GARHWAL,Uttarakhand
Uttarakhand,PITHORAGARH,Uttarakhand
Uttarakhand,RUDRA PRAYAG,Uttarakhand
Uttarakhand,TEHRI GARHWAL,Uttarakhand
Uttarakhand,UDAM SINGH NAGAR,Uttarakhand
Uttarakhand,UTTAR KASHI,Uttarakhand
West Bengal,24 PARAGANAS NORTH,Gangetic West Bengal
West Bengal,24 PARAGANAS SOUTH,Gangetic West Bengal
West Bengal,BANKURA,Gangetic West Bengal
West Bengal,BARDHAMAN,Gangetic West Bengal
West Bengal,BIRBHUM,Gangetic West Bengal
West Bengal,COOCHBEHAR,Sub Himalayan West Bengal & Sikkim
West Bengal,DARJEELING,Sub Himalayan West Bengal & Sikkim
West Bengal,DINAJPUR DAKSHIN,Sub Himalayan West Bengal & Sikkim
West Bengal,DINAJPUR UTTAR,Sub Himalayan West Bengal & Sikkim
West Bengal,HOOGHLY,Gangetic West Bengal
West Bengal,HOWRAH,Gangetic West Bengal
West Bengal,JALPAIGURI,Sub Himalayan West Bengal & Sikkim
West Bengal,MALDAH,Sub Himalayan West Bengal & Sikkim
West Bengal,MEDINIPUR EAST,Gangetic West Bengal
West Bengal,MEDINIPUR WEST,Gangetic West Bengal
West Bengal,MURSHIDABAD,Gangetic West Bengal
West Bengal,NADIA,Gangetic West Bengal
West Bengal,PURULIA,Gangetic West Bengal
