SUBDIVISION,YEAR,JAN,FEB,MAR,APR,MAY,JUN,JUL,AUG,SEP,OCT,NOV,DEC,JUN-SEP,OCT-DEC,JAN-FEB,ANNUAL
Coastal Karnataka,2005,17.9,10.0,28.8,9.8,14.6,79.2,132.0,189.4,203.1,34.4,16.1,39.0,603.7,89.5,27.9,774.3
Coastal Karnataka,2006,21.6,36.6,29.9,7.8,13.3,203.0,218.6,171.1,276.5,40.6,27.3,37.9,869.2,105.8,58.2,1084.2
Coastal Karnataka,2007,50.3,50.6,17.1,10.1,22.8,113.3,96.7,149.4,206.5,28.9,23.2,22.9,565.9,75.0,100.9,791.8
Coastal Karnataka,2008,22.5,20.8,54.0,16.6,19.7,149.2,168.3,135.0,12.9,15.5,11.0,6.4,465.4,32.9,43.3,631.9
Coastal Karnataka,2009,17.4,43.9,29.5,21.8,17.2,229.3,123.2,213.0,225.9,23.9,35.9,35.9,791.4,95.7,61.3,1016.9
Coastal Karnataka,2010,24.2,18.2,17.6,15.5,16.7,130.1,181.7,215.9,218.9,46.3,43.4,19.5,746.6,109.2,42.4,948.0
Coastal Karnataka,2011,47.7,24.4,41.0,15.4,12.8,66.1,169.2,81.8,240.9,45.9,21.6,33.2,558.0,100.7,72.1,800.0
Coastal Karnataka,2012,22.4,23.4,38.1,14.8,24.1,149.6,243.0,186.1,230.1,25.3,29.5,28.8,808.8,83.6,45.8,1015.2
Coastal Karnataka,2013,21.2,37.0,36.8,18.1,23.1,271.3,156.4,203.5,140.7,30.2,23.7,47.0,771.9,100.9,58.2,1009.0
Coastal Karnataka,2014,33.8,27.7,42.5,3.6,4.4,230.1,183.8,195.8,96.4,29.8,51.0,38.7,706.1,119.5,61.5,937.6
Coastal Karnataka,2015,31.8,25.4,25.9,3.8,16.4,233.3,80.7,138.3,107.1,19.9,30.6,8.1,559.4,58.6,57.2,721.3
Coastal Karnataka,2016,36.4,37.9,27.4,2.0,9.8,257.7,5.0,158.1,105.7,38.4,22.9,34.2,526.5,95.5,74.3,735.5
Coastal Karnataka,2017,35.9,49.3,27.9,17.0,7.2,255.0,132.1,144.7,178.6,13.6,32.4,40.2,710.4,86.2,85.2,933.9
Coastal Karnataka,2018,33.1,13.3,28.7,18.9,5.1,112.3,235.2,197.0,206.0,49.5,34.9,36.9,750.5,121.3,46.4,970.9
Coastal Karnataka,2019,58.5,27.8,21.6,17.2,17.3,146.8,115.0,325.5,200.6,22.3,39.6,28.9,787.9,90.8,86.3,1021.1
Coastal Karnataka,2020,27.3,35.9,16.4,16.9,25.0,209.4,156.3,148.1,154.1,27.3,26.0,39.6,667.9,92.9,63.2,882.3
Coastal Karnataka,2021,11.8,39.1,26.0,17.0,9.1,263.7,258.5,240.5,84.6,38.7,34.3,13.1,847.3,86.1,50.9,1036.4
Coastal Karnataka,2022,29.7,33.8,35.8,15.9,16.5,272.8,257.2,0.0,160.0,28.3,11.6,31.0,690.0,70.9,63.5,892.6
Madhya Maharashtra,2005,43.1,18.6,33.5,10.2,11.5,273.1,145.8,209.1,62.1,49.6,36.3,28.1,690.1,114.0,61.7,921.0
Madhya Maharashtra,2006,36.0,15.2,42.4,13.3,13.9,149.0,143.4,223.8,196.1,36.8,29.9,35.4,712.3,102.1,51.2,935.2
Madhya Maharashtra,2007,25.6,53.4,13.5,21.6,22.2,126.3,320.4,242.7,241.2,30.3,27.7,27.8,930.6,85.8,79.0,1152.7
Madhya Maharashtra,2008,34.1,44.7,31.9,10.2,19.3,238.0,221.2,227.0,162.9,20.2,20.9,12.8,849.1,53.9,78.8,1043.2
Madhya Maharashtra,2009,32.5,29.1,25.4,0.0,8.5,250.6,138.1,202.7,92.4,45.1,28.5,33.0,683.8,106.6,61.6,885.9
Madhya Maharashtra,2010,54.4,45.9,26.8,11.9,13.3,212.1,173.4,155.1,272.4,28.8,54.1,31.0,813.0,113.9,100.3,1079.2
Madhya Maharashtra,2011,48.7,33.8,40.1,11.2,10.5,209.0,242.3,182.5,99.0,15.7,15.0,11.4,732.8,42.1,82.5,919.2
Madhya Maharashtra,2012,31.1,41.8,29.9,3.1,14.0,169.7,312.0,88.2,155.4,47.9,34.7,35.9,725.3,118.5,72.9,963.7
Madhya Maharashtra,2013,31.2,33.5,38.2,10.8,19.6,93.5,200.7,191.3,141.2,29.8,23.5,18.7,626.7,72.0,64.7,832.0
Madhya Maharashtra,2014,26.3,18.4,33.4,9.0,18.7,105.6,144.3,140.6,263.5,33.5,27.8,35.2,654.0,96.5,44.7,856.3
Madhya Maharashtra,2015,7.9,29.5,51.0,15.7,15.4,214.5,236.4,54.2,74.0,32.2,22.5,43.8,579.1,98.5,37.4,797.1
Madhya Maharashtra,2016,26.7,9.7,16.7,0.6,13.8,168.1,153.3,248.0,255.5,28.2,7.6,36.5,824.9,72.3,36.4,964.7
Madhya Maharashtra,2017,35.8,33.2,40.3,8.9,25.5,119.6,227.2,73.7,121.4,45.9,27.3,38.8,541.9,112.0,69.0,797.6
Madhya Maharashtra,2018,32.5,28.9,44.3,13.8,5.7,129.4,214.7,204.9,81.3,22.4,23.9,26.2,630.3,72.5,61.4,828.0
Madhya Maharashtra,2019,15.6,23.4,22.3,19.1,19.2,170.8,155.3,188.8,128.6,18.0,20.1,23.3,643.5,61.4,39.0,804.5
Madhya Maharashtra,2020,17.8,31.7,37.7,6.7,15.1,166.1,201.5,179.2,88.4,16.7,30.3,40.8,635.2,87.8,49.5,832.0
Madhya Maharashtra,2021,6.8,33.6,42.5,14.2,17.9,135.7,172.5,77.9,32.3,39.9,19.7,25.2,418.4,84.8,40.4,618.2
Madhya Maharashtra,2022,15.4,15.2,28.2,11.2,17.0,208.5,200.2,195.0,279.4,18.8,29.4,41.9,883.1,90.1,30.6,1060.2
Punjab,2005,43.3,15.1,26.7,22.1,17.7,64.1,55.4,51.9,66.1,27.4,29.6,30.8,237.5,87.8,58.4,450.2
Punjab,2006,22.9,35.6,60.6,5.7,16.7,44.0,72.1,61.0,76.0,42.3,32.0,41.9,253.1,116.2,58.5,510.8
Punjab,2007,5.4,46.7,33.9,20.7,8.6,42.6,63.1,59.6,65.9,41.4,11.5,40.2,231.2,93.1,52.1,439.6
Punjab,2008,30.1,27.9,14.6,17.6,2.3,73.6,28.7,61.1,57.5,42.3,28.1,22.7,220.9,93.1,58.0,406.5
Punjab,2009,24.7,43.4,35.6,13.0,13.8,27.1,68.2,23.0,75.8,31.4,55.1,18.4,194.1,104.9,68.1,429.5
Punjab,2010,28.9,48.9,42.5,11.3,16.2,60.0,65.9,45.3,58.1,13.2,31.4,34.7,229.3,79.3,77.8,456.4
Punjab,2011,27.6,13.0,40.4,16.9,11.2,54.1,28.5,38.5,48.7,42.9,23.3,36.7,169.8,102.9,40.6,381.8
Punjab,2012,24.3,32.6,28.5,19.6,12.2,27.0,31.0,48.8,33.8,34.3,25.1,54.9,140.6,114.3,56.9,372.1
Punjab,2013,11.8,32.1,18.2,12.4,15.7,11.2,65.0,100.0,50.5,32.7,40.8,28.3,226.7,101.8,43.9,418.7
Punjab,2014,23.9,6.1,36.7,14.4,9.7,62.7,47.7,48.9,72.7,15.9,41.0,15.3,232.0,72.2,30.0,395.0
Punjab,2015,23.0,50.2,41.8,15.5,10.1,48.9,61.5,60.8,58.1,29.7,27.7,14.9,229.3,72.3,73.2,442.2
Punjab,2016,24.6,39.6,15.6,14.0,10.7,62.3,51.8,91.0,70.6,16.2,37.0,21.9,275.7,75.1,64.2,455.3
Punjab,2017,23.9,33.3,24.8,19.7,10.9,47.0,46.2,48.1,83.1,36.6,48.0,53.8,224.4,138.4,57.2,475.4
Punjab,2018,19.2,30.7,17.6,10.9,11.7,37.8,37.9,57.0,34.4,38.8,20.4,59.5,167.1,118.7,49.9,375.9
Punjab,2019,25.3,30.8,16.4,24.0,20.9,66.2,31.7,64.4,36.4,45.4,38.5,31.0,198.7,114.9,56.1,431.0
Punjab,2020,4.4,19.7,37.2,21.4,20.8,26.6,66.3,81.3,25.2,29.9,32.9,26.8,199.4,89.6,24.1,392.5
Punjab,2021,10.6,26.6,26.6,14.2,12.0,50.7,59.2,69.3,53.6,25.7,31.0,9.8,232.8,66.5,37.2,389.3
Punjab,2022,35.0,30.0,30.4,20.0,4.7,18.5,65.7,59.9,63.6,25.1,37.0,39.8,207.7,101.9,65.0,429.7
